{"28_03_12_09_55_22_3_i.tif": {"Dice coefficient": 0.9721580038265306}, "29_03_12_09_55_26_4_i.tif": {"Dice coefficient": 0.9490792410714286}, "39_03_15_19_24_45_8_i.tif": {"Dice coefficient": 0.9243861607142857}, "8_03_09_08_07_07_2_i.tif": {"Dice coefficient": 0.9886001275510204}}