{"28_03_12_09_55_22_3_i.tif": {"Dice coefficient": 0.9715999681122449}, "29_03_12_09_55_26_4_i.tif": {"Dice coefficient": 0.9518893494897959}, "39_03_15_19_24_45_8_i.tif": {"Dice coefficient": 0.9223931760204082}, "8_03_09_08_07_07_2_i.tif": {"Dice coefficient": 0.9865672831632653}}