{"28_03_12_09_55_22_3_i.tif": {"Dice coefficient": 0.9714205994897959}, "29_03_12_09_55_26_4_i.tif": {"Dice coefficient": 0.9487005739795918}, "39_03_15_19_24_45_8_i.tif": {"Dice coefficient": 0.9216159119897959}, "8_03_09_08_07_07_2_i.tif": {"Dice coefficient": 0.9880022321428571}}