{"28_03_12_09_55_22_3_i.tif": {"Dice coefficient": 0.9725964604591837}, "29_03_12_09_55_26_4_i.tif": {"Dice coefficient": 0.9481823979591837}, "39_03_15_19_24_45_8_i.tif": {"Dice coefficient": 0.923828125}, "8_03_09_08_07_07_2_i.tif": {"Dice coefficient": 0.9869858099489796}}