{"28_03_12_09_55_22_3_i.tif": {"Dice coefficient": 0.9737125318877551}, "29_03_12_09_55_26_4_i.tif": {"Dice coefficient": 0.9534438775510204}, "39_03_15_19_24_45_8_i.tif": {"Dice coefficient": 0.9237683354591837}, "8_03_09_08_07_07_2_i.tif": {"Dice coefficient": 0.9871851084183674}}