{"dice_coef": 0.7095744708074669, "mean_iou": 0.5915797300757537, "confusion_matrix": [[48212.05, 49.25], [538.25, 1376.45]]}