{"dice_coef": 0.7827254860663031, "mean_iou": 0.6692056950106753, "confusion_matrix": [[48183.95, 77.35], [364.2, 1550.5]]}