{"dice_coef": [[0.005036072922379532, 0.41232153821454426, 0.4922783689896205, 0.4579188466682208, 0.49090041738970636, 0.4304698063736588, 0.49845819971222305, 0.47567252581560665], [0.005036072922379532, 0.49776570413800386, 0.6886885556771069, 0.691451163674791, 0.6782918216872316, 0.6631015196244932, 0.6644407142785266, 0.6789651239653826], [0.005036072922379532, 0.4473870760546541, 0.6875247169064572, 0.702923966649277, 0.6918685724584044, 0.6824493463894366, 0.6936664667928294, 0.6864279148857246], [0.005036072922379532, 0.48426771672752045, 0.692824191466403, 0.6990891998166263, 0.691302315967284, 0.6963227070915985, 0.6863767915942048, 0.6776674053988186], [0.005036072922379532, 0.4661866081420528, 0.693390071537552, 0.7004982082796845, 0.6904877195542429, 0.6829814694752157, 0.6988731655376605, 0.6925282570570235], [0.005036072922379532, 0.4568485652575639, 0.6998963702390713, 0.699105408558283, 0.6936030072908874, 0.6914656132090544, 0.6985632675827168, 0.695850928036011], [0.005036072922379532, 0.45619658256217976, 0.6892793020799323, 0.6984467352530473, 0.6965364709428175, 0.6998344902170384, 0.6855551015334956, 0.6962199108784761], [0.005036072922379532, 0.4663238005235696, 0.688899085475329, 0.6956893743339547, 0.6930344556477223, 0.6992494810500649, 0.6927049133048209, 0.6872789174737262]], "mean_iou": [[0.0, 0.26538437512777946, 0.3587375456720091, 0.3535961732347641, 0.385925457742357, 0.30070330423078695, 0.3771388229967658, 0.3538903299672179], [0.0, 0.3415958489967054, 0.5619885692159545, 0.5735469343571042, 0.5619339822962435, 0.5523016401546116, 0.5526097355582099, 0.5653958315202413], [0.0, 0.30099473524161263, 0.5650792902945917, 0.5868348293174304, 0.578277983386825, 0.5705336214707876, 0.5821620207685746, 0.5720900923566914], [0.0, 0.3316154182396162, 0.5704141325389209, 0.582700285563609, 0.5783277202959133, 0.5844192098604802, 0.5728581600147702, 0.5677460788136189], [0.0, 0.3166439308864402, 0.5705549505770866, 0.5843263753551984, 0.5800919081780153, 0.5721063343736296, 0.5853939082427461, 0.5820561810384566], [0.0, 0.3087061884066937, 0.5772713567693385, 0.5843214516922689, 0.5819567450802957, 0.5812573429604593, 0.5860540168982175, 0.5846598510288962], [0.0, 0.307106881267093, 0.5645753020912986, 0.58633243005366, 0.5853728784919507, 0.5878416082501627, 0.5751289627558822, 0.5859257311249896], [0.0, 0.31547225025686665, 0.5649473394089185, 0.581484795640236, 0.5811098449173141, 0.5875368910377947, 0.5814168714543089, 0.5775463478043683]], "confusion_matrix": [[[[48261.3, 0.0], [1914.7, 0.0]], [[48143.0, 118.3], [1303.1, 611.6]], [[47793.4, 467.9], [826.4, 1088.3]], [[46689.6, 1571.7], [570.3, 1344.4]], [[47324.35, 936.95], [570.25, 1344.45]], [[47096.4, 1164.9], [677.5, 1237.2]], [[47369.4, 891.9], [584.25, 1330.45]], [[47357.15, 904.15], [556.65, 1358.05]]], [[[48261.3, 0.0], [1914.7, 0.0]], [[48256.7, 4.6], [1239.9, 674.8]], [[48213.75, 47.55], [598.35, 1316.35]], [[48183.05, 78.25], [491.55, 1423.15]], [[48170.55, 90.75], [469.4, 1445.3]], [[48145.7, 115.6], [436.65, 1478.05]], [[48138.25, 123.05], [436.2, 1478.5]], [[48157.8, 103.5], [443.4, 1471.3]]], [[[48261.3, 0.0], [1914.7, 0.0]], [[48259.5, 1.8], [1341.85, 572.85]], [[48213.7, 47.6], [573.7, 1341.0]], [[48190.45, 70.85], [470.35, 1444.35]], [[48177.85, 83.45], [441.6, 1473.1]], [[48161.75, 99.55], [431.05, 1483.65]], [[48172.05, 89.25], [428.45, 1486.25]], [[48161.05, 100.25], [428.35, 1486.35]]], [[[48261.3, 0.0], [1914.7, 0.0]], [[48258.2, 3.1], [1253.85, 660.85]], [[48220.35, 40.95], [586.95, 1327.75]], [[48197.9, 63.4], [477.85, 1436.85]], [[48177.6, 83.7], [439.15, 1475.55]], [[48179.25, 82.05], [430.0, 1484.7]], [[48168.45, 92.85], [436.45, 1478.25]], [[48166.8, 94.5], [432.9, 1481.8]]], [[[48261.3, 0.0], [1914.7, 0.0]], [[48258.6, 2.7], [1280.3, 634.4]], [[48220.7, 40.6], [599.05, 1315.65]], [[48190.95, 70.35], [468.9, 1445.8]], [[48177.25, 84.05], [435.3, 1479.4]], [[48165.15, 96.15], [423.4, 1491.3]], [[48180.4, 80.9], [435.2, 1479.5]], [[48181.25, 80.05], [434.35, 1480.35]]], [[[48261.3, 0.0], [1914.7, 0.0]], [[48259.55, 1.75], [1295.1, 619.6]], [[48219.45, 41.85], [585.25, 1329.45]], [[48189.55, 71.75], [458.1, 1456.6]], [[48178.25, 83.05], [434.8, 1479.9]], [[48178.5, 82.8], [433.95, 1480.75]], [[48179.6, 81.7], [431.45, 1483.25]], [[48180.2, 81.1], [427.65, 1487.05]]], [[[48261.3, 0.0], [1914.7, 0.0]], [[48259.8, 1.5], [1304.3, 610.4]], [[48218.6, 42.7], [598.4, 1316.3]], [[48188.95, 72.35], [453.2, 1461.5]], [[48181.0, 80.3], [428.2, 1486.5]], [[48180.45, 80.85], [428.0, 1486.7]], [[48171.1, 90.2], [420.6, 1494.1]], [[48178.1, 83.2], [424.2, 1490.5]]], [[[48261.3, 0.0], [1914.7, 0.0]], [[48258.95, 2.35], [1295.75, 618.95]], [[48222.45, 38.85], [608.4, 1306.3]], [[48189.25, 72.05], [462.45, 1452.25]], [[48179.55, 81.75], [433.25, 1481.45]], [[48179.1, 82.2], [422.8, 1491.9]], [[48178.5, 82.8], [432.2, 1482.5]], [[48176.8, 84.5], [433.6, 1481.1]]]]}