{"dice_coef": 0.6863767915942048, "mean_iou": 0.5728581600147702, "confusion_matrix": [[48168.45, 92.85], [436.45, 1478.25]]}