{"dice_coef": 0.6864279148857246, "mean_iou": 0.5720900923566914, "confusion_matrix": [[48161.05, 100.25], [428.35, 1486.35]]}