{"dice_coef": 0.6829814694752157, "mean_iou": 0.5721063343736296, "confusion_matrix": [[48165.15, 96.15], [423.4, 1491.3]]}