{"dice_coef": 0.6631015196244932, "mean_iou": 0.5523016401546116, "confusion_matrix": [[48145.7, 115.6], [436.65, 1478.05]]}