{"dice_coef": 0.4663238005235696, "mean_iou": 0.31547225025686665, "confusion_matrix": [[48258.95, 2.35], [1295.75, 618.95]]}