{"dice_coef": 0.6872789174737262, "mean_iou": 0.5775463478043683, "confusion_matrix": [[48176.8, 84.5], [433.6, 1481.1]]}