{"dice_coef": 0.6782918216872316, "mean_iou": 0.5619339822962435, "confusion_matrix": [[48170.55, 90.75], [469.4, 1445.3]]}