{"dice_coef": 0.49776570413800386, "mean_iou": 0.3415958489967054, "confusion_matrix": [[48256.7, 4.6], [1239.9, 674.8]]}