{"dice_coef": 0.4473870760546541, "mean_iou": 0.30099473524161263, "confusion_matrix": [[48259.5, 1.8], [1341.85, 572.85]]}