{"dice_coef": 0.4922783689896205, "mean_iou": 0.3587375456720091, "confusion_matrix": [[47793.4, 467.9], [826.4, 1088.3]]}