{"dice_coef": 0.6936664667928294, "mean_iou": 0.5821620207685746, "confusion_matrix": [[48172.05, 89.25], [428.45, 1486.25]]}