{"dice_coef": 0.4568485652575639, "mean_iou": 0.3087061884066937, "confusion_matrix": [[48259.55, 1.75], [1295.1, 619.6]]}