{"dice_coef": 0.4304698063736588, "mean_iou": 0.30070330423078695, "confusion_matrix": [[47096.4, 1164.9], [677.5, 1237.2]]}