{"dice_coef": 0.6930344556477223, "mean_iou": 0.5811098449173141, "confusion_matrix": [[48179.55, 81.75], [433.25, 1481.45]]}