{"dice_coef": 0.6956893743339547, "mean_iou": 0.581484795640236, "confusion_matrix": [[48189.25, 72.05], [462.45, 1452.25]]}