{"dice_coef": 0.6988731655376605, "mean_iou": 0.5853939082427461, "confusion_matrix": [[48180.4, 80.9], [435.2, 1479.5]]}