{"dice_coef": 0.699105408558283, "mean_iou": 0.5843214516922689, "confusion_matrix": [[48189.55, 71.75], [458.1, 1456.6]]}