{"dice_coef": 0.6644407142785266, "mean_iou": 0.5526097355582099, "confusion_matrix": [[48138.25, 123.05], [436.2, 1478.5]]}