{"dice_coef": 0.6824493463894366, "mean_iou": 0.5705336214707876, "confusion_matrix": [[48161.75, 99.55], [431.05, 1483.65]]}