{"dice_coef": 0.6892793020799323, "mean_iou": 0.5645753020912986, "confusion_matrix": [[48218.6, 42.7], [598.4, 1316.3]]}