{"dice_coef": 0.6918685724584044, "mean_iou": 0.578277983386825, "confusion_matrix": [[48177.85, 83.45], [441.6, 1473.1]]}