{"dice_coef": 0.6904877195542429, "mean_iou": 0.5800919081780153, "confusion_matrix": [[48177.25, 84.05], [435.3, 1479.4]]}