{"dice_coef": 0.6962199108784761, "mean_iou": 0.5859257311249896, "confusion_matrix": [[48178.1, 83.2], [424.2, 1490.5]]}