{"dice_coef": 0.6965364709428175, "mean_iou": 0.5853728784919507, "confusion_matrix": [[48181.0, 80.3], [428.2, 1486.5]]}