{"dice_coef": 0.6990891998166263, "mean_iou": 0.582700285563609, "confusion_matrix": [[48197.9, 63.4], [477.85, 1436.85]]}