{"dice_coef": 0.693390071537552, "mean_iou": 0.5705549505770866, "confusion_matrix": [[48220.7, 40.6], [599.05, 1315.65]]}