{"dice_coef": 0.6985632675827168, "mean_iou": 0.5860540168982175, "confusion_matrix": [[48179.6, 81.7], [431.45, 1483.25]]}