{"dice_coef": 0.6914656132090544, "mean_iou": 0.5812573429604593, "confusion_matrix": [[48178.5, 82.8], [433.95, 1480.75]]}