{"dice_coef": 0.6992494810500649, "mean_iou": 0.5875368910377947, "confusion_matrix": [[48179.1, 82.2], [422.8, 1491.9]]}