{"dice_coef": 0.4579188466682208, "mean_iou": 0.3535961732347641, "confusion_matrix": [[46689.6, 1571.7], [570.3, 1344.4]]}