{"dice_coef": 0.688899085475329, "mean_iou": 0.5649473394089185, "confusion_matrix": [[48222.45, 38.85], [608.4, 1306.3]]}