{"dice_coef": 0.691302315967284, "mean_iou": 0.5783277202959133, "confusion_matrix": [[48177.6, 83.7], [439.15, 1475.55]]}