{"dice_coef": 0.6925282570570235, "mean_iou": 0.5820561810384566, "confusion_matrix": [[48181.25, 80.05], [434.35, 1480.35]]}