{"dice_coef": 0.695850928036011, "mean_iou": 0.5846598510288962, "confusion_matrix": [[48180.2, 81.1], [427.65, 1487.05]]}