{"dice_coef": 0.6789651239653826, "mean_iou": 0.5653958315202413, "confusion_matrix": [[48157.8, 103.5], [443.4, 1471.3]]}