{"dice_coef": 0.6886885556771069, "mean_iou": 0.5619885692159545, "confusion_matrix": [[48213.75, 47.55], [598.35, 1316.35]]}