{"dice_coef": 0.6776674053988186, "mean_iou": 0.5677460788136189, "confusion_matrix": [[48166.8, 94.5], [432.9, 1481.8]]}