{"dice_coef": 0.6984467352530473, "mean_iou": 0.58633243005366, "confusion_matrix": [[48188.95, 72.35], [453.2, 1461.5]]}