{"dice_coef": 0.6963227070915985, "mean_iou": 0.5844192098604802, "confusion_matrix": [[48179.25, 82.05], [430.0, 1484.7]]}