{"dice_coef": 0.49090041738970636, "mean_iou": 0.385925457742357, "confusion_matrix": [[47324.35, 936.95], [570.25, 1344.45]]}