{"dice_coef": 0.6998963702390713, "mean_iou": 0.5772713567693385, "confusion_matrix": [[48219.45, 41.85], [585.25, 1329.45]]}