{"dice_coef": 0.41232153821454426, "mean_iou": 0.26538437512777946, "confusion_matrix": [[48143.0, 118.3], [1303.1, 611.6]]}