{"dice_coef": 0.6875247169064572, "mean_iou": 0.5650792902945917, "confusion_matrix": [[48213.7, 47.6], [573.7, 1341.0]]}