{"dice_coef": 0.702923966649277, "mean_iou": 0.5868348293174304, "confusion_matrix": [[48190.45, 70.85], [470.35, 1444.35]]}