{"dice_coef": 0.49845819971222305, "mean_iou": 0.3771388229967658, "confusion_matrix": [[47369.4, 891.9], [584.25, 1330.45]]}