{"dice_coef": 0.691451163674791, "mean_iou": 0.5735469343571042, "confusion_matrix": [[48183.05, 78.25], [491.55, 1423.15]]}