{"dice_coef": 0.7004982082796845, "mean_iou": 0.5843263753551984, "confusion_matrix": [[48190.95, 70.35], [468.9, 1445.8]]}