{"dice_coef": 0.48426771672752045, "mean_iou": 0.3316154182396162, "confusion_matrix": [[48258.2, 3.1], [1253.85, 660.85]]}