{"dice_coef": 0.6855551015334956, "mean_iou": 0.5751289627558822, "confusion_matrix": [[48171.1, 90.2], [420.6, 1494.1]]}