{"dice_coef": 0.47567252581560665, "mean_iou": 0.3538903299672179, "confusion_matrix": [[47357.15, 904.15], [556.65, 1358.05]]}