{"dice_coef": 0.4661866081420528, "mean_iou": 0.3166439308864402, "confusion_matrix": [[48258.6, 2.7], [1280.3, 634.4]]}