{"dice_coef": 0.6927049133048209, "mean_iou": 0.5814168714543089, "confusion_matrix": [[48178.5, 82.8], [432.2, 1482.5]]}