{"dice_coef": 0.6936030072908874, "mean_iou": 0.5819567450802957, "confusion_matrix": [[48178.25, 83.05], [434.8, 1479.9]]}