{"dice_coef": 0.692824191466403, "mean_iou": 0.5704141325389209, "confusion_matrix": [[48220.35, 40.95], [586.95, 1327.75]]}