{"dice_coef": 0.6998344902170384, "mean_iou": 0.5878416082501627, "confusion_matrix": [[48180.45, 80.85], [428.0, 1486.7]]}