{"dice_coef": 0.45619658256217976, "mean_iou": 0.307106881267093, "confusion_matrix": [[48259.8, 1.5], [1304.3, 610.4]]}