{"dice_coef": [[0.2213178392549704, 0.40747695444337345, 0.5079525455247706, 0.4794904937881787, 0.42191567867649116, 0.44018845033457954, 0.40922983569730487, 0.4620121788143129, 0.43840357961915916, 0.3836866763356997], [0.005036072922379532, 0.19316004284921204, 0.62654599849212, 0.6930101487099737, 0.7027513745668377, 0.6610424387205731, 0.6658616129659338, 0.6875497885304747, 0.6764524942000174, 0.6832678121256623], [0.005036072922379532, 0.27358929201752685, 0.5996362263809691, 0.722487333229987, 0.7013901325544646, 0.71107132820273, 0.6926899742369831, 0.714143164506906, 0.6940682408323269, 0.7164545869582846], [0.005036072922379532, 0.22683861478147968, 0.6206574715291993, 0.7076165035060579, 0.7263232319367731, 0.7231099158351738, 0.7277409989069313, 0.7195593743236754, 0.7128497506537845, 0.6989645739698008], [0.005036072922379532, 0.26339800796212803, 0.6447995932235246, 0.7234156477208052, 0.7175416530048816, 0.7115692146321779, 0.7169319264231128, 0.7301540735843253, 0.7337036693805437, 0.714067191964311], [0.005036072922379532, 0.2767613839828715, 0.622146086369378, 0.7225799379896642, 0.720029157676216, 0.7253076419237594, 0.730795568028941, 0.7180202136704927, 0.723995560807461, 0.702041270578657], [0.005036072922379532, 0.2578096580454363, 0.6469945992649359, 0.717463146371234, 0.7235079163068266, 0.7397137989049, 0.7212903486098294, 0.7384376275698499, 0.7281155321691367, 0.7230777609218821], [0.005036072922379532, 0.25154799553118046, 0.6359417093439702, 0.7184365640692698, 0.718528299257152, 0.7409963508070851, 0.7302793690770273, 0.7286573530084024, 0.7189887251818777, 0.7150482220794516], [0.005036072922379532, 0.24532318284040916, 0.6434735839462246, 0.7177633616875143, 0.7243953639548305, 0.7234698271226256, 0.7324788074065318, 0.7304758110311441, 0.7278671468896409, 0.7253150959652006], [0.005036072922379532, 0.24822718145818704, 0.6308481553934263, 0.7260670652554366, 0.7288349686034202, 0.7327606115614864, 0.7317295233194527, 0.7294409084086478, 0.726610807601326, 0.7258640325946113]], "mean_iou": [[0.12865307412202226, 0.2565160485776155, 0.360828421145616, 0.36295783879558324, 0.3114208599401821, 0.32175635951781184, 0.28728543867552775, 0.34103359546284684, 0.3264119415332033, 0.2655927209029209], [0.0, 0.10768383095059095, 0.47690479656587464, 0.553613322534463, 0.5716166152749368, 0.540103610921004, 0.5434284368895115, 0.5621322098758982, 0.5533458198805958, 0.5613231945036435], [0.0, 0.1604570302262494, 0.44540365796985626, 0.5916924143767379, 0.5790842691896139, 0.5889227968072742, 0.5731039970107108, 0.593225798155834, 0.5720453397865803, 0.5930611161978087], [0.0, 0.1318243325365153, 0.4708593304432738, 0.578437163104522, 0.6015824427162089, 0.599841096679789, 0.6039512799712112, 0.5972596043778109, 0.59151214994064, 0.5772537216549822], [0.0, 0.15624461260621464, 0.4994580758352535, 0.5893431529179467, 0.591860667034844, 0.5901564938290711, 0.5957328121499463, 0.6066061816498908, 0.6118182185405441, 0.5942815303370568], [0.0, 0.16358452435256576, 0.4707199014040671, 0.5868305815894544, 0.5960878866862075, 0.6027561699800311, 0.6103035521473084, 0.5967117957159921, 0.600951065378437, 0.5813025787784877], [0.0, 0.1502591839349752, 0.4950760076216992, 0.5840543421061266, 0.6022358792577466, 0.6157707536845454, 0.5992737128031489, 0.6185846995293687, 0.6079537226257498, 0.6011642358454103], [0.0, 0.14791242012902964, 0.4897748264171146, 0.5856618766596063, 0.5938214495057914, 0.6218096799900805, 0.6076228440519905, 0.6079081373397831, 0.5994662342978161, 0.5943320978831738], [0.0, 0.14456742776644965, 0.49092172350895347, 0.586354720476084, 0.6005200575379187, 0.6018786500029129, 0.6112417547602689, 0.6103112488715046, 0.6062029017819186, 0.606298206516931], [0.0, 0.1463288310315552, 0.47965828970156565, 0.5957234711186047, 0.6039785104425908, 0.6115445219933388, 0.6100297994369026, 0.6091883850751194, 0.6043817338661841, 0.6029549090909986]], "confusion_matrix": [[[[48131.1, 130.2], [1556.3, 358.4]], [[48192.1, 69.2], [1414.4, 500.3]], [[47956.1, 305.2], [869.15, 1045.55]], [[47617.6, 643.7], [673.6, 1241.1]], [[45404.2, 2857.1], [719.05, 1195.65]], [[46400.15, 1861.15], [578.15, 1336.55]], [[46634.1, 1627.2], [706.2, 1208.5]], [[47253.1, 1008.2], [588.95, 1325.75]], [[47064.65, 1196.65], [694.2, 1220.5]], [[46375.2, 1886.1], [764.5, 1150.2]]], [[[48261.3, 0.0], [1914.7, 0.0]], [[48256.65, 4.65], [1657.4, 257.3]], [[48230.75, 30.55], [840.15, 1074.55]], [[48195.95, 65.35], [638.95, 1275.75]], [[48160.0, 101.3], [502.3, 1412.4]], [[48110.1, 151.2], [448.75, 1465.95]], [[48094.5, 166.8], [432.0, 1482.7]], [[48104.7, 156.6], [426.0, 1488.7]], [[48123.05, 138.25], [454.35, 1460.35]], [[48107.55, 153.75], [401.5, 1513.2]]], [[[48261.3, 0.0], [1914.7, 0.0]], [[48256.6, 4.7], [1572.5, 342.2]], [[48242.25, 19.05], [932.95, 981.75]], [[48197.95, 63.35], [559.25, 1355.45]], [[48139.1, 122.2], [422.3, 1492.4]], [[48148.15, 113.15], [415.7, 1499.0]], [[48130.8, 130.5], [404.95, 1509.75]], [[48149.4, 111.9], [408.45, 1506.25]], [[48142.65, 118.65], [419.3, 1495.4]], [[48150.25, 111.05], [419.75, 1494.95]]], [[[48261.3, 0.0], [1914.7, 0.0]], [[48257.85, 3.45], [1578.9, 335.8]], [[48236.5, 24.8], [905.5, 1009.2]], [[48201.8, 59.5], [571.5, 1343.2]], [[48160.05, 101.25], [448.3, 1466.4]], [[48166.75, 94.55], [438.0, 1476.7]], [[48168.9, 92.4], [432.55, 1482.15]], [[48161.05, 100.25], [428.25, 1486.45]], [[48153.7, 107.6], [414.5, 1500.2]], [[48146.85, 114.45], [414.2, 1500.5]]], [[[48261.3, 0.0], [1914.7, 0.0]], [[48256.5, 4.8], [1526.9, 387.8]], [[48240.5, 20.8], [855.7, 1059.0]], [[48205.5, 55.8], [598.6, 1316.1]], [[48177.45, 83.85], [477.15, 1437.55]], [[48153.95, 107.35], [412.15, 1502.55]], [[48156.6, 104.7], [407.75, 1506.95]], [[48158.6, 102.7], [404.1, 1510.6]], [[48166.4, 94.9], [408.85, 1505.85]], [[48155.35, 105.95], [403.85, 1510.85]]], [[[48261.3, 0.0], [1914.7, 0.0]], [[48256.3, 5.0], [1545.85, 368.85]], [[48240.8, 20.5], [911.15, 1003.55]], [[48211.85, 49.45], [617.9, 1296.8]], [[48177.9, 83.4], [479.35, 1435.35]], [[48162.95, 98.35], [440.05, 1474.65]], [[48166.65, 94.65], [410.25, 1504.45]], [[48165.45, 95.85], [425.9, 1488.8]], [[48163.6, 97.7], [428.0, 1486.7]], [[48143.8, 117.5], [408.75, 1505.95]]], [[[48261.3, 0.0], [1914.7, 0.0]], [[48256.65, 4.65], [1564.65, 350.05]], [[48239.25, 22.05], [881.35, 1033.35]], [[48209.3, 52.0], [593.05, 1321.65]], [[48167.65, 93.65], [437.4, 1477.3]], [[48171.85, 89.45], [422.2, 1492.5]], [[48160.5, 100.8], [413.75, 1500.95]], [[48166.85, 94.45], [405.55, 1509.15]], [[48168.5, 92.8], [406.15, 1508.55]], [[48163.8, 97.5], [417.35, 1497.35]]], [[[48261.3, 0.0], [1914.7, 0.0]], [[48255.8, 5.5], [1545.45, 369.25]], [[48240.5, 20.8], [873.25, 1041.45]], [[48212.8, 48.5], [604.65, 1310.05]], [[48174.65, 86.65], [464.35, 1450.35]], [[48178.75, 82.55], [419.9, 1494.8]], [[48171.55, 89.75], [434.6, 1480.1]], [[48163.6, 97.7], [400.55, 1514.15]], [[48156.9, 104.4], [396.15, 1518.55]], [[48153.95, 107.35], [407.05, 1507.65]]], [[[48261.3, 0.0], [1914.7, 0.0]], [[48256.45, 4.85], [1544.45, 370.25]], [[48242.65, 18.65], [864.5, 1050.2]], [[48210.45, 50.85], [592.15, 1322.55]], [[48179.95, 81.35], [463.7, 1451.0]], [[48164.5, 96.8], [416.45, 1498.25]], [[48170.45, 90.85], [416.8, 1497.9]], [[48164.8, 96.5], [410.75, 1503.95]], [[48165.25, 96.05], [407.9, 1506.8]], [[48164.5, 96.8], [404.05, 1510.65]]], [[[48261.3, 0.0], [1914.7, 0.0]], [[48257.4, 3.9], [1547.2, 367.5]], [[48240.05, 21.25], [886.8, 1027.9]], [[48204.7, 56.6], [568.6, 1346.1]], [[48179.15, 82.15], [456.35, 1458.35]], [[48166.65, 94.65], [413.35, 1501.35]], [[48174.7, 86.6], [423.15, 1491.55]], [[48166.0, 95.3], [405.3, 1509.4]], [[48173.0, 88.3], [427.35, 1487.35]], [[48173.1, 88.2], [432.05, 1482.65]]]]}