{"dice_coef": 0.71107132820273, "mean_iou": 0.5889227968072742, "confusion_matrix": [[48148.15, 113.15], [415.7, 1499.0]]}