{"dice_coef": 0.6926899742369831, "mean_iou": 0.5731039970107108, "confusion_matrix": [[48130.8, 130.5], [404.95, 1509.75]]}