{"dice_coef": 0.6658616129659338, "mean_iou": 0.5434284368895115, "confusion_matrix": [[48094.5, 166.8], [432.0, 1482.7]]}