{"dice_coef": 0.6940682408323269, "mean_iou": 0.5720453397865803, "confusion_matrix": [[48142.65, 118.65], [419.3, 1495.4]]}