{"dice_coef": 0.7230777609218821, "mean_iou": 0.6011642358454103, "confusion_matrix": [[48163.8, 97.5], [417.35, 1497.35]]}