{"dice_coef": 0.6447995932235246, "mean_iou": 0.4994580758352535, "confusion_matrix": [[48240.5, 20.8], [855.7, 1059.0]]}