{"dice_coef": 0.6930101487099737, "mean_iou": 0.553613322534463, "confusion_matrix": [[48195.95, 65.35], [638.95, 1275.75]]}