{"dice_coef": 0.7302793690770273, "mean_iou": 0.6076228440519905, "confusion_matrix": [[48171.55, 89.75], [434.6, 1480.1]]}