{"dice_coef": 0.7150482220794516, "mean_iou": 0.5943320978831738, "confusion_matrix": [[48153.95, 107.35], [407.05, 1507.65]]}