{"dice_coef": 0.6206574715291993, "mean_iou": 0.4708593304432738, "confusion_matrix": [[48236.5, 24.8], [905.5, 1009.2]]}