{"dice_coef": 0.7304758110311441, "mean_iou": 0.6103112488715046, "confusion_matrix": [[48164.8, 96.5], [410.75, 1503.95]]}