{"dice_coef": 0.2767613839828715, "mean_iou": 0.16358452435256576, "confusion_matrix": [[48256.3, 5.0], [1545.85, 368.85]]}