{"dice_coef": 0.5996362263809691, "mean_iou": 0.44540365796985626, "confusion_matrix": [[48242.25, 19.05], [932.95, 981.75]]}