{"dice_coef": 0.7225799379896642, "mean_iou": 0.5868305815894544, "confusion_matrix": [[48211.85, 49.45], [617.9, 1296.8]]}