{"dice_coef": 0.7189887251818777, "mean_iou": 0.5994662342978161, "confusion_matrix": [[48156.9, 104.4], [396.15, 1518.55]]}