{"dice_coef": 0.6359417093439702, "mean_iou": 0.4897748264171146, "confusion_matrix": [[48240.5, 20.8], [873.25, 1041.45]]}