{"dice_coef": 0.622146086369378, "mean_iou": 0.4707199014040671, "confusion_matrix": [[48240.8, 20.5], [911.15, 1003.55]]}