{"dice_coef": 0.7384376275698499, "mean_iou": 0.6185846995293687, "confusion_matrix": [[48166.85, 94.45], [405.55, 1509.15]]}