{"dice_coef": 0.722487333229987, "mean_iou": 0.5916924143767379, "confusion_matrix": [[48197.95, 63.35], [559.25, 1355.45]]}