{"dice_coef": 0.43840357961915916, "mean_iou": 0.3264119415332033, "confusion_matrix": [[47064.65, 1196.65], [694.2, 1220.5]]}