{"dice_coef": 0.7013901325544646, "mean_iou": 0.5790842691896139, "confusion_matrix": [[48139.1, 122.2], [422.3, 1492.4]]}