{"dice_coef": 0.27358929201752685, "mean_iou": 0.1604570302262494, "confusion_matrix": [[48256.6, 4.7], [1572.5, 342.2]]}