{"dice_coef": 0.7288349686034202, "mean_iou": 0.6039785104425908, "confusion_matrix": [[48179.15, 82.15], [456.35, 1458.35]]}