{"dice_coef": 0.7409963508070851, "mean_iou": 0.6218096799900805, "confusion_matrix": [[48178.75, 82.55], [419.9, 1494.8]]}