{"dice_coef": 0.7324788074065318, "mean_iou": 0.6112417547602689, "confusion_matrix": [[48170.45, 90.85], [416.8, 1497.9]]}