{"dice_coef": 0.7281155321691367, "mean_iou": 0.6079537226257498, "confusion_matrix": [[48168.5, 92.8], [406.15, 1508.55]]}