{"dice_coef": 0.7301540735843253, "mean_iou": 0.6066061816498908, "confusion_matrix": [[48158.6, 102.7], [404.1, 1510.6]]}