{"dice_coef": 0.4794904937881787, "mean_iou": 0.36295783879558324, "confusion_matrix": [[47617.6, 643.7], [673.6, 1241.1]]}