{"dice_coef": 0.7169319264231128, "mean_iou": 0.5957328121499463, "confusion_matrix": [[48156.6, 104.7], [407.75, 1506.95]]}