{"dice_coef": 0.26339800796212803, "mean_iou": 0.15624461260621464, "confusion_matrix": [[48256.5, 4.8], [1526.9, 387.8]]}