{"dice_coef": 0.7234156477208052, "mean_iou": 0.5893431529179467, "confusion_matrix": [[48205.5, 55.8], [598.6, 1316.1]]}