{"dice_coef": 0.720029157676216, "mean_iou": 0.5960878866862075, "confusion_matrix": [[48177.9, 83.4], [479.35, 1435.35]]}