{"dice_coef": 0.40922983569730487, "mean_iou": 0.28728543867552775, "confusion_matrix": [[46634.1, 1627.2], [706.2, 1208.5]]}