{"dice_coef": 0.2213178392549704, "mean_iou": 0.12865307412202226, "confusion_matrix": [[48131.1, 130.2], [1556.3, 358.4]]}