{"dice_coef": 0.7263232319367731, "mean_iou": 0.6015824427162089, "confusion_matrix": [[48160.05, 101.25], [448.3, 1466.4]]}