{"dice_coef": 0.42191567867649116, "mean_iou": 0.3114208599401821, "confusion_matrix": [[45404.2, 2857.1], [719.05, 1195.65]]}