{"dice_coef": 0.730795568028941, "mean_iou": 0.6103035521473084, "confusion_matrix": [[48166.65, 94.65], [410.25, 1504.45]]}