{"dice_coef": 0.7184365640692698, "mean_iou": 0.5856618766596063, "confusion_matrix": [[48212.8, 48.5], [604.65, 1310.05]]}