{"dice_coef": 0.7231099158351738, "mean_iou": 0.599841096679789, "confusion_matrix": [[48166.75, 94.55], [438.0, 1476.7]]}