{"dice_coef": 0.7258640325946113, "mean_iou": 0.6029549090909986, "confusion_matrix": [[48173.1, 88.2], [432.05, 1482.65]]}