{"dice_coef": 0.7277409989069313, "mean_iou": 0.6039512799712112, "confusion_matrix": [[48168.9, 92.4], [432.55, 1482.15]]}