{"dice_coef": 0.6610424387205731, "mean_iou": 0.540103610921004, "confusion_matrix": [[48110.1, 151.2], [448.75, 1465.95]]}