{"dice_coef": 0.2578096580454363, "mean_iou": 0.1502591839349752, "confusion_matrix": [[48256.65, 4.65], [1564.65, 350.05]]}