{"dice_coef": 0.7076165035060579, "mean_iou": 0.578437163104522, "confusion_matrix": [[48201.8, 59.5], [571.5, 1343.2]]}