{"dice_coef": 0.3836866763356997, "mean_iou": 0.2655927209029209, "confusion_matrix": [[46375.2, 1886.1], [764.5, 1150.2]]}