{"dice_coef": 0.5079525455247706, "mean_iou": 0.360828421145616, "confusion_matrix": [[47956.1, 305.2], [869.15, 1045.55]]}