{"dice_coef": 0.7397137989049, "mean_iou": 0.6157707536845454, "confusion_matrix": [[48171.85, 89.45], [422.2, 1492.5]]}