{"dice_coef": 0.22683861478147968, "mean_iou": 0.1318243325365153, "confusion_matrix": [[48257.85, 3.45], [1578.9, 335.8]]}