{"dice_coef": 0.7327606115614864, "mean_iou": 0.6115445219933388, "confusion_matrix": [[48166.65, 94.65], [413.35, 1501.35]]}