{"dice_coef": 0.7286573530084024, "mean_iou": 0.6079081373397831, "confusion_matrix": [[48163.6, 97.7], [400.55, 1514.15]]}