{"dice_coef": 0.723995560807461, "mean_iou": 0.600951065378437, "confusion_matrix": [[48163.6, 97.7], [428.0, 1486.7]]}