{"dice_coef": 0.7115692146321779, "mean_iou": 0.5901564938290711, "confusion_matrix": [[48153.95, 107.35], [412.15, 1502.55]]}