{"dice_coef": 0.7235079163068266, "mean_iou": 0.6022358792577466, "confusion_matrix": [[48167.65, 93.65], [437.4, 1477.3]]}