{"dice_coef": 0.7253076419237594, "mean_iou": 0.6027561699800311, "confusion_matrix": [[48162.95, 98.35], [440.05, 1474.65]]}