{"dice_coef": 0.6308481553934263, "mean_iou": 0.47965828970156565, "confusion_matrix": [[48240.05, 21.25], [886.8, 1027.9]]}