{"dice_coef": 0.25154799553118046, "mean_iou": 0.14791242012902964, "confusion_matrix": [[48255.8, 5.5], [1545.45, 369.25]]}