{"dice_coef": 0.4620121788143129, "mean_iou": 0.34103359546284684, "confusion_matrix": [[47253.1, 1008.2], [588.95, 1325.75]]}