{"dice_coef": 0.7294409084086478, "mean_iou": 0.6091883850751194, "confusion_matrix": [[48166.0, 95.3], [405.3, 1509.4]]}