{"dice_coef": 0.19316004284921204, "mean_iou": 0.10768383095059095, "confusion_matrix": [[48256.65, 4.65], [1657.4, 257.3]]}