{"dice_coef": 0.44018845033457954, "mean_iou": 0.32175635951781184, "confusion_matrix": [[46400.15, 1861.15], [578.15, 1336.55]]}