{"dice_coef": 0.62654599849212, "mean_iou": 0.47690479656587464, "confusion_matrix": [[48230.75, 30.55], [840.15, 1074.55]]}