{"dice_coef": 0.7175416530048816, "mean_iou": 0.591860667034844, "confusion_matrix": [[48177.45, 83.85], [477.15, 1437.55]]}