{"dice_coef": 0.24822718145818704, "mean_iou": 0.1463288310315552, "confusion_matrix": [[48257.4, 3.9], [1547.2, 367.5]]}