{"dice_coef": 0.7337036693805437, "mean_iou": 0.6118182185405441, "confusion_matrix": [[48166.4, 94.9], [408.85, 1505.85]]}