{"dice_coef": 0.718528299257152, "mean_iou": 0.5938214495057914, "confusion_matrix": [[48174.65, 86.65], [464.35, 1450.35]]}