{"dice_coef": 0.702041270578657, "mean_iou": 0.5813025787784877, "confusion_matrix": [[48143.8, 117.5], [408.75, 1505.95]]}