{"dice_coef": 0.6875497885304747, "mean_iou": 0.5621322098758982, "confusion_matrix": [[48104.7, 156.6], [426.0, 1488.7]]}