{"dice_coef": 0.714067191964311, "mean_iou": 0.5942815303370568, "confusion_matrix": [[48155.35, 105.95], [403.85, 1510.85]]}