{"dice_coef": 0.7128497506537845, "mean_iou": 0.59151214994064, "confusion_matrix": [[48153.7, 107.6], [414.5, 1500.2]]}