{"dice_coef": 0.7317295233194527, "mean_iou": 0.6100297994369026, "confusion_matrix": [[48174.7, 86.6], [423.15, 1491.55]]}