{"dice_coef": 0.6989645739698008, "mean_iou": 0.5772537216549822, "confusion_matrix": [[48146.85, 114.45], [414.2, 1500.5]]}