{"dice_coef": 0.7243953639548305, "mean_iou": 0.6005200575379187, "confusion_matrix": [[48179.95, 81.35], [463.7, 1451.0]]}