{"dice_coef": 0.7253150959652006, "mean_iou": 0.606298206516931, "confusion_matrix": [[48164.5, 96.8], [404.05, 1510.65]]}