{"dice_coef": 0.7180202136704927, "mean_iou": 0.5967117957159921, "confusion_matrix": [[48165.45, 95.85], [425.9, 1488.8]]}