{"dice_coef": 0.7212903486098294, "mean_iou": 0.5992737128031489, "confusion_matrix": [[48160.5, 100.8], [413.75, 1500.95]]}