{"dice_coef": 0.40747695444337345, "mean_iou": 0.2565160485776155, "confusion_matrix": [[48192.1, 69.2], [1414.4, 500.3]]}