{"dice_coef": 0.726610807601326, "mean_iou": 0.6043817338661841, "confusion_matrix": [[48173.0, 88.3], [427.35, 1487.35]]}