{"dice_coef": 0.7164545869582846, "mean_iou": 0.5930611161978087, "confusion_matrix": [[48150.25, 111.05], [419.75, 1494.95]]}