{"dice_coef": 0.7195593743236754, "mean_iou": 0.5972596043778109, "confusion_matrix": [[48161.05, 100.25], [428.25, 1486.45]]}