{"dice_coef": 0.24532318284040916, "mean_iou": 0.14456742776644965, "confusion_matrix": [[48256.45, 4.85], [1544.45, 370.25]]}