{"dice_coef": 0.717463146371234, "mean_iou": 0.5840543421061266, "confusion_matrix": [[48209.3, 52.0], [593.05, 1321.65]]}