{"dice_coef": 0.6469945992649359, "mean_iou": 0.4950760076216992, "confusion_matrix": [[48239.25, 22.05], [881.35, 1033.35]]}