{"dice_coef": 0.7278671468896409, "mean_iou": 0.6062029017819186, "confusion_matrix": [[48165.25, 96.05], [407.9, 1506.8]]}