{"dice_coef": 0.6832678121256623, "mean_iou": 0.5613231945036435, "confusion_matrix": [[48107.55, 153.75], [401.5, 1513.2]]}