{"dice_coef": 0.714143164506906, "mean_iou": 0.593225798155834, "confusion_matrix": [[48149.4, 111.9], [408.45, 1506.25]]}