{"dice_coef": 0.7177633616875143, "mean_iou": 0.586354720476084, "confusion_matrix": [[48210.45, 50.85], [592.15, 1322.55]]}