{"dice_coef": 0.7234698271226256, "mean_iou": 0.6018786500029129, "confusion_matrix": [[48164.5, 96.8], [416.45, 1498.25]]}