{"dice_coef": 0.7027513745668377, "mean_iou": 0.5716166152749368, "confusion_matrix": [[48160.0, 101.3], [502.3, 1412.4]]}