{"dice_coef": 0.6764524942000174, "mean_iou": 0.5533458198805958, "confusion_matrix": [[48123.05, 138.25], [454.35, 1460.35]]}