{"dice_coef": 0.6434735839462246, "mean_iou": 0.49092172350895347, "confusion_matrix": [[48242.65, 18.65], [864.5, 1050.2]]}