{"dice_coef": 0.7260670652554366, "mean_iou": 0.5957234711186047, "confusion_matrix": [[48204.7, 56.6], [568.6, 1346.1]]}